Model,Precision,Recall,ROC-AUC
Logistic Regression,0.13037037037037036,0.8979591836734694,0.974528197604309
Random Forest,0.8350515463917526,0.826530612244898,0.9644232605112952
